date,supply_ETH,act_addr_ETH,market_dom_ETH
2023-01-01,120529017.2695631,522460,17.40911808892646
2023-01-02,120529093.95715128,473406,17.376848981516147
2023-01-03,120528939.8908922,472981,17.467287689742733
2023-01-04,120528620.98133887,507141,17.472387684860443
2023-01-05,120528183.11860149,626236,17.70588163076916
2023-01-06,120527821.85524784,501852,17.644560389268666
2023-01-07,120527958.9954058,577380,17.803877641072802
2023-01-08,120527805.50363618,784959,17.749423108372802
2023-01-09,120527188.46318483,553880,17.754841980020075
2023-01-10,120526730.10296068,520294,18.14638377613044
2023-01-11,120526242.1567896,508868,18.009674377235495
2023-01-12,120525759.72166257,515485,18.19833106073134
2023-01-13,120524925.71500748,508590,18.11000342829523
2023-01-14,120524237.64701596,541020,17.55768620525544
2023-01-15,120523998.49050882,534997,18.316597719925415
2023-01-16,120523459.69573328,518753,18.43917526050408
2023-01-17,120522865.96251412,489795,18.380162416579584
2023-01-18,120521921.37718716,548397,18.32974012231991
2023-01-19,120521535.90528136,502409,18.358096853597416
2023-01-20,120521136.65776514,522810,18.475191912864783
2023-01-21,120521141.75088236,544098,18.54349190366824
2023-01-22,120521319.13053171,538685,18.10531335745228
2023-01-23,120521177.99930678,504730,18.2504995132231
2023-01-24,120520642.475563,487133,18.063369681205913
2023-01-25,120520306.4315072,495479,17.684604444024906
2023-01-26,120519942.55300163,498585,17.97062867317583
2023-01-27,120519563.1648018,545774,17.820232876224427
2023-01-28,120519740.30443372,516329,17.715095778615087
2023-01-29,120519525.27598353,511731,17.456749418901406
2023-01-30,120519409.80225764,516109,17.72217076688858
2023-01-31,120518623.8147938,519408,17.53590771697183
2023-02-01,120517710.28762428,516810,17.5105099574202
2023-02-02,120516605.67622446,501303,17.707161260680515
2023-02-03,120515383.38517296,457501,17.891235068722235
2023-02-04,120514802.49550208,500595,17.870449907187272
2023-02-05,120514490.36674036,537665,17.98425287464747
2023-02-06,120513759.00927693,503555,17.80299502668725
2023-02-07,120512258.60439284,477571,17.761926112761067
2023-02-08,120510537.749031,483612,17.75011473825601
2023-02-09,120508620.99513929,475694,17.74934065773801
2023-02-10,120507762.733762,497617,17.58964912626332
2023-02-11,120507674.46515392,509167,17.336635060056132
2023-02-12,120507669.77837253,494505,17.339887635263192
2023-02-13,120506916.1505425,492362,17.146845342592467
2023-02-14,120503131.72995473,537767,17.253834468160093
2023-02-15,120500938.39709686,478642,17.476620136225097
2023-02-16,120498618.43121952,477690,17.453997854643546
2023-02-17,120496707.8392495,471665,17.6630604281664
2023-02-18,120495699.12101428,456014,17.46168948891925
2023-02-19,120494932.24985698,451883,17.399739251737408
2023-02-20,120493494.23152652,466024,17.50938451878153
2023-02-21,120491922.8508644,482474,17.383369898234914
2023-02-22,120489993.89860947,478581,17.209204307226354
2023-02-23,120487834.62989062,513684,17.221427396338115
2023-02-24,120486417.5707692,551238,17.30285266339423
2023-02-25,120485980.08901732,569007,17.39104577388427
2023-02-26,120485602.29967768,566024,17.320046717304418
2023-02-27,120485489.63069382,524438,17.536731521994433
2023-02-28,120484740.19846,480872,17.532842437228087
2023-03-01,120483302.4743171,478680,17.46080074907516
2023-03-02,120482230.57338612,514379,17.693637906911786
2023-03-03,120480947.08001816,487088,17.65211619605502
2023-03-04,120480323.77385873,462695,17.56639957570228
2023-03-05,120479454.16348656,432041,17.546236955511567
2023-03-06,120477735.47682352,460020,17.550900951099752
2023-03-07,120476212.9908262,444134,17.57498567841356
2023-03-08,120474604.50983173,449531,17.65837082703792
2023-03-09,120472675.54413275,460423,17.703347109946016
2023-03-10,120471252.395079,464631,17.65272501675257
2023-03-11,120463739.2353074,412067,17.677539116402393
2023-03-12,120463103.02377065,481016,18.02195807937603
2023-03-13,120461692.44922929,584948,18.001595099918895
2023-03-14,120460342.75245096,510874,18.13358355871948
2023-03-15,120459315.81152548,494979,17.992669836103257
2023-03-16,120458629.98711464,467209,18.094869176689002
2023-03-17,120457885.68990552,504502,17.836215100254826
2023-03-18,120457860.54713212,504683,17.85262672477479
2023-03-19,120457836.83398671,491964,17.858124360617786
2023-03-20,120457520.464536,524591,17.74852807599543
2023-03-21,120457404.53818803,512051,17.425171662318803
2023-03-22,120457170.18808916,515905,17.743724027482532
2023-03-23,120456644.5363474,518217,17.60727299062781
2023-03-24,120456071.40566652,491152,17.818595463731494
2023-03-25,120456081.47018956,500188,17.727393368392907
2023-03-26,120456090.48228434,484571,17.682413501893038
2023-03-27,120455041.54205243,497906,17.671733595316915
2023-03-28,120454048.76430672,543283,17.60435830901294
2023-03-29,120452713.84037304,583946,18.096399707420865
2023-03-30,120451156.5972936,558559,17.644194834759766
2023-03-31,120450150.3511902,547486,17.868247401610798
2023-04-01,120449756.86603788,500064,17.817234937971147
2023-04-02,120449479.90183644,508193,17.810092936982894
2023-04-03,120448334.25660504,499715,17.69909132490288
2023-04-04,120447053.4821056,511592,18.100538294204057
2023-04-05,120445229.05817944,517726,18.20947856511423
2023-04-06,120443992.95686686,488852,18.5870368708912
2023-04-07,120443303.78663556,537161,18.35314285492854
2023-04-08,120442937.66842297,510447,18.350092578362883
2023-04-09,120442607.3979474,518856,18.22922553014605
2023-04-10,120441906.56895678,548020,18.09166014869748
2023-04-11,120440932.23232047,545041,18.11790974611316
2023-04-12,120440333.00482184,526191,17.592210713524175
2023-04-13,120438948.52758676,576453,18.10569826642117
2023-04-14,120437676.3958655,597355,18.674598252042546
2023-04-15,120436952.71193393,653705,19.003053219944587
2023-04-16,120436032.60388552,559661,19.049730771336247
2023-04-17,120434392.53269768,457397,19.105635063121202
2023-04-18,120430969.5789793,442615,19.253792236423045
2023-04-19,120425386.00812577,414942,18.971436105540306
2023-04-20,120420385.41037196,428139,18.402025576551214
2023-04-21,120418093.40976164,488479,18.827598882781086
2023-04-22,120416045.28282608,485507,18.57377630008227
2023-04-23,120413581.42493428,461961,18.49401915855261
2023-04-24,120410844.97555268,461974,18.529055084095464
2023-04-25,120408701.85648952,496299,18.37445615889831
2023-04-26,120406347.61959957,496218,18.098035740852563
2023-04-27,120404373.40456784,511244,18.29503174045044
2023-04-28,120402292.88143659,490402,18.0632064233393
2023-04-29,120400435.70552172,514443,18.159655585754237
2023-04-30,120397788.40551537,447064,18.360108884335798
2023-05-01,120392638.88724524,402269,18.14736557610982
2023-05-02,120385796.28427468,433988,18.454032520237597
2023-05-03,120379770.9887168,452868,18.287567238369753
2023-05-04,120373589.07361776,450578,18.359999036633468
2023-05-05,120360871.48540282,484923,18.278774372814958
2023-05-06,120348482.6786138,409974,18.98931513926911
2023-05-07,120338815.90580831,418073,18.482344544852936
2023-05-08,120329329.90089372,443089,18.480865285883322
2023-05-09,120321609.3352786,454485,18.691943501119017
2023-05-10,120313592.02867264,427186,18.703310874805958
2023-05-11,120305183.68146674,410160,18.612851990959765
2023-05-12,120300110.10972597,462843,18.555897366435318
2023-05-13,120297541.868697,502560,18.56423260963124
2023-05-14,120295124.24958628,517668,18.46255957720109
2023-05-15,120290949.85292543,479793,18.446747831882632
2023-05-16,120286896.82506476,438043,18.4320616832891
2023-05-17,120283270.89514948,444193,18.65678430784342
2023-05-18,120279613.48949678,462762,18.38002299816985
2023-05-19,120276710.5533543,452814,18.51673046104609
2023-05-20,120275044.11781555,567922,18.618194645413002
2023-05-21,120273351.02086186,505370,18.545152873274763
2023-05-22,120270383.02534316,440862,18.636990592562746
2023-05-23,120266731.79684758,443649,18.68916779677006
2023-05-24,120264067.13643864,457564,18.79178403940659
2023-05-25,120262098.20818184,457571,18.765732218932367
2023-05-26,120260714.90721536,455922,18.696409182696268
2023-05-27,120259960.4432103,484034,18.814325266948856
2023-05-28,120258843.55893283,425747,18.715536304024024
2023-05-29,120256929.57208697,452819,18.836862809358333
2023-05-30,120253986.6635788,495825,18.932858063687355
2023-05-31,120251808.22373553,485068,18.960307906710966
2023-06-01,120249560.02503385,441316,19.02748473493558
2023-06-02,120248567.64985308,519377,19.06508319522257
2023-06-03,120247955.29566763,520912,19.217768521216612
2023-06-04,120247556.7237646,499026,19.13187429728895
2023-06-05,120245761.84805895,553237,19.07065156878065
2023-06-06,120244832.51867773,521356,19.250658953963438
2023-06-07,120244265.23549329,534812,18.941527669303007
2023-06-08,120243684.64004812,506910,19.283711645406484
2023-06-09,120243408.2554307,568104,19.30836993335721
2023-06-10,120242843.44596,645859,19.308213114329433
2023-06-11,120242967.21895207,722848,18.830077449891256
2023-06-12,120243065.76905417,527637,19.168838595613465
2023-06-13,120243230.92841049,532081,19.083231306684148
2023-06-14,120242830.5787524,526308,19.039594071206857
2023-06-15,120242739.44536155,556918,18.659205713251122
2023-06-16,120242599.29228383,570083,18.62137751316064
2023-06-17,120242730.6097883,559942,18.6365258715268
2023-06-18,120243096.81470424,597861,18.72150928810772
2023-06-19,120243104.57229687,572877,18.783319821803495
2023-06-20,120243101.37146217,501731,18.689116920146404
2023-06-21,120242859.18693858,521987,18.26340910202225
2023-06-22,120243064.88391952,499018,18.7267272473153
2023-06-23,120243076.53909823,538476,18.66531452003612
2023-06-24,120243503.84878996,560995,18.447217515066537
2023-06-25,120244116.76680908,558073,18.41267752711196
2023-06-26,120244611.72789146,542329,18.59197840311628
2023-06-27,120244705.72059828,498328,18.35109075023158
2023-06-28,120244670.62679207,502634,18.469506031482823
2023-06-29,120243285.28029844,446169,18.31970967698349
2023-06-30,120242205.62100977,492936,18.29716169557907
2023-07-01,120242403.3948874,496384,18.840718800627524
2023-07-02,120242874.30797726,495119,18.660454002814372
2023-07-03,120242732.02215748,493543,18.680798930271923
2023-07-04,120241687.24275307,468826,18.623621285644013
2023-07-05,120238468.05397417,330408,18.65412603900621
2023-07-06,120236297.22782336,357008,18.610006678454592
2023-07-07,120235010.83001688,410247,18.369643628879395
2023-07-08,120235033.41774295,441020,18.384580411624107
2023-07-09,120235252.42466454,444382,18.328621234411465
2023-07-10,120235021.63277604,505778,18.409774741614545
2023-07-11,120234762.46720828,493934,18.39540480664245
2023-07-12,120233939.22263563,444909,18.304563872621824
2023-07-13,120232579.18687068,461538,18.368800535635817
2023-07-14,120232056.25455028,512709,18.479634683917304
2023-07-15,120232614.82205172,495888,18.49782760762674
2023-07-16,120233002.647316,460558,18.45653428198578
2023-07-17,120232781.96172224,432935,18.36353620241271
2023-07-18,120231689.05435023,495815,18.355447950236012
2023-07-19,120231092.02167444,466872,18.361463184003668
2023-07-20,120230377.72085588,431813,18.200657327354314
2023-07-21,120229452.77051614,462143,18.26062076401951
2023-07-22,120229564.39318798,432180,18.20974540387967
2023-07-23,120229560.66874476,424115,18.027987280583424
2023-07-24,120228286.42071924,420593,18.073173723846686
2023-07-25,120227265.76338412,389259,18.2604649789149
2023-07-26,120226568.10556078,428906,18.294371999806295
2023-07-27,120225402.0287675,414078,18.314402681374737
2023-07-28,120223577.50542992,423058,18.261271291328853
2023-07-29,120223398.89935526,443989,18.31445888583624
2023-07-30,120223407.88936996,449643,18.318107391493925
2023-07-31,120222982.85021494,532895,18.283340873300244
2023-08-01,120222665.19344972,430764,18.2736353772972
2023-08-02,120222238.75777288,439016,18.210950133088794
2023-08-03,120221962.9448464,463901,18.185040346714178
2023-08-04,120222018.95343916,483717,18.209608415279067
2023-08-05,120222420.3234203,456526,18.22675540361845
2023-08-06,120222995.69763382,470221,18.23279117543757
2023-08-07,120222633.75693466,434031,18.183898239331047
2023-08-08,120222198.02469613,426439,18.186376975214127
2023-08-09,120221979.97186293,479009,18.138477452778872
2023-08-10,120221730.90519172,435345,18.210926581610426
2023-08-11,120221866.69532256,462207,18.224584841719945
2023-08-12,120222484.4572596,456717,18.205950761526033
2023-08-13,120223119.23525728,472123,18.213286958795706
2023-08-14,120223018.25428855,452925,18.179473849341484
2023-08-15,120222426.15500328,450149,18.17495045851846
2023-08-16,120221371.15261272,419867,18.241539344730946
2023-08-17,120219426.30777755,442604,18.320541972182955
2023-08-18,120218919.04564013,466951,18.309528582005218
2023-08-19,120219519.77850568,523589,18.25480322595506
2023-08-20,120220076.11337052,468619,18.265449208260044
2023-08-21,120219808.6191165,426008,18.32022382680896
2023-08-22,120218624.91344476,412243,18.275455847472898
2023-08-23,120218380.1206211,425302,18.009342465148883
2023-08-24,120218413.53105909,431316,18.227542408015793
2023-08-25,120218180.63216051,420800,18.19889140027215
2023-08-26,120218961.18399803,495985,18.1840198375738
2023-08-27,120219764.01867868,500556,18.128688046492677
2023-08-28,120219138.15469775,392699,18.214030317173684
2023-08-29,120217921.41169098,412991,18.13496014912765
2023-08-30,120217669.9354637,465457,18.099774150923643
2023-08-31,120217518.26756996,454064,18.136598299536914
2023-09-01,120217810.96832104,496632,18.191527332833783
2023-09-02,120218725.836421,580665,18.0839945147872
2023-09-03,120219656.29477178,590095,18.167724423375205
2023-09-04,120220173.80621383,415077,18.083497463459913
2023-09-05,120220984.69432944,453263,18.090291280682194
2023-09-06,120221154.15447555,472724,18.137551335410176
2023-09-07,120221374.50634982,454333,18.125073857390525
2023-09-08,120221906.56351496,455177,18.080891035686385
2023-09-09,120223012.54305002,472142,18.11371685476134
2023-09-10,120224211.0912146,480768,18.145570695849145
2023-09-11,120224178.95377356,506669,17.982510554723447
2023-09-12,120224768.77371572,580314,17.945083556605482
2023-09-13,120225009.41546112,1146469,17.93846622759175
2023-09-14,120225296.62114295,496984,17.825317646086916
2023-09-15,120225762.07284276,451903,17.88155433814797
2023-09-16,120226886.38777968,472439,17.939892676634713
2023-09-17,120228127.13521609,479039,17.893449791921796
2023-09-18,120228667.61642176,452238,17.833892316048562
2023-09-19,120229573.68687774,453301,17.814526910992445
2023-09-20,120230268.750554,462906,17.67719949705834
2023-09-21,120230508.79548198,607789,17.51320761671687
2023-09-22,120231755.73881312,485197,17.453329675883122
2023-09-23,120233175.8726292,529009,17.487975218192258
2023-09-24,120234636.42410567,509942,17.515629469796778
2023-09-25,120235576.11183348,463901,17.54521589693131
2023-09-26,120236292.84068294,461614,17.556322280608544
2023-09-27,120237300.42431743,480193,17.67263805979077
2023-09-28,120238363.9284459,482888,17.642151835932296
2023-09-29,120239621.11582299,488093,17.84415870661822
2023-09-30,120241042.34585708,472166,17.989514671838158
2023-10-01,120242502.65565112,474950,17.986694736257622
2023-10-02,120243093.75739843,440326,18.058729331875128
2023-10-03,120244179.90225364,452017,17.70305193535765
2023-10-04,120245479.62662359,470040,17.70244468447267
2023-10-05,120246832.54675993,482454,17.518473938003908
2023-10-06,120248260.72592568,496999,17.363440082862823
2023-10-07,120249904.87217969,516225,17.41030256599496
2023-10-08,120251536.31015088,478609,17.329156164277883
2023-10-09,120252963.49734087,459613,17.358897893957096
2023-10-10,120254456.47256953,454990,17.11260078878981
2023-10-11,120255894.9810322,486645,17.09706217911936
2023-10-12,120257315.97381352,478310,17.256144697447372
2023-10-13,120258755.4787298,477264,17.099092619975856
2023-10-14,120260479.16268373,499942,17.145980935739512
2023-10-15,120262175.5055316,509670,17.17116857396729
2023-10-16,120263301.09090242,445496,17.0671283793969
2023-10-17,120264680.02111666,469524,16.89621552435201
2023-10-18,120265969.0348698,443137,16.72605844164515
2023-10-19,120267295.35844328,438038,16.755579346220102
2023-10-20,120268204.59784818,469116,16.598310065599094
2023-10-21,120269625.9823795,467937,16.599659481314365
2023-10-22,120271050.92483352,466832,16.639908831629604
2023-10-23,120271125.93776672,443611,16.929827968332013
2023-10-24,120270590.52327263,462901,16.770218352438903
2023-10-25,120270236.50127815,452980,16.604763736582864
2023-10-26,120269930.97117268,446883,16.450608346216395
2023-10-27,120270267.30032831,431981,16.642168582849514
2023-10-28,120271127.0594916,430136,16.542976248602702
2023-10-29,120271952.54909223,442265,16.431429616864385
2023-10-30,120271933.81891719,451831,16.372444268060054
2023-10-31,120271657.68795729,443637,16.426495768555796
2023-11-01,120271188.90142576,448247,16.407584128936456
2023-11-02,120270745.63044648,430684,16.355439461050327
2023-11-03,120270713.46816674,449646,16.201785139829227
2023-11-04,120271299.0725249,424516,16.38552651953598
2023-11-05,120271585.14549407,412472,16.40187440011839
2023-11-06,120270698.95340855,425120,16.564406944485615
2023-11-07,120270064.9111797,452904,16.529408898518227
2023-11-08,120269307.52707252,435097,16.325062303148
2023-11-09,120266306.2315942,465799,16.379405306609538
2023-11-10,120264467.63265762,503810,17.57007684920103
2023-11-11,120263674.17664824,477097,17.026181149918386
2023-11-12,120263034.22647648,445257,16.862194479911928
2023-11-13,120260400.81412584,404394,16.70882580784771
2023-11-14,120258761.2297615,411867,17.115218496436004
2023-11-15,120257438.1607137,432358,16.83263963460885
2023-11-16,120256064.8832972,447363,16.50867569713707
2023-11-17,120255416.28654689,442407,16.47155273864886
2023-11-18,120255405.07870792,435562,16.348417749312286
2023-11-19,120255566.87072536,445712,16.400814081800156
2023-11-20,120253669.2043954,478802,16.421505778720412
2023-11-21,120251704.73019284,454803,16.52714445128628
2023-11-22,120249841.2396593,468822,16.589810113431927
2023-11-23,120248675.6764555,472550,16.767831813448478
2023-11-24,120247969.81626326,459777,16.793916648228798
2023-11-25,120247912.77416535,447357,16.75042320765821
2023-11-26,120247659.46475407,445942,16.72872109963761
2023-11-27,120246549.6881844,427313,16.69901235268875
2023-11-28,120244652.6193846,435397,16.577085655014486
2023-11-29,120242957.3344544,435185,16.542791756680806
2023-11-30,120240516.0772854,444493,16.392067203273168
2023-12-01,120238180.88116524,455498,16.510593490970955
2023-12-02,120236893.44903168,448231,16.482799654745
2023-12-03,120235728.77838045,484971,16.711867992408557
2023-12-04,120233048.24464197,501479,16.832924621183565
2023-12-05,120229359.4526972,478540,16.723192956833817
2023-12-06,120225666.26297332,470269,16.391019960390093
2023-12-07,120222737.12761042,514384,16.154933119057105
2023-12-08,120220557.40682742,512163,16.85782924780533
2023-12-09,120219265.09919068,514381,16.478944412469684
2023-12-10,120218301.47494616,530417,16.45413521518093
2023-12-11,120216719.10715695,477448,16.57943423730414
2023-12-12,120214494.10489112,460872,16.48637349112419
2023-12-13,120211761.52988549,436280,16.21520703351691
2023-12-14,120209284.16427372,472896,16.100171984867792
2023-12-15,120205571.49068436,460372,16.354052410368467
2023-12-16,120202413.09197354,422688,16.165265238642988
2023-12-17,120200547.50581798,473059,16.054948971934945
2023-12-18,120196609.1476134,469668,16.21544641519357
2023-12-19,120193164.29343672,494272,16.006925189857196
2023-12-20,120189675.52123456,548565,15.813917487680783
2023-12-21,120187654.1399692,567353,15.495205136523635
2023-12-22,120186476.58671518,559864,15.529753571554037
2023-12-23,120186490.4070174,520957,16.03407320561716
2023-12-24,120186584.93736704,527103,15.807435173206105
2023-12-25,120186621.85530119,522614,15.737816921447681
2023-12-26,120187019.1689866,513646,15.492148218003729
2023-12-27,120186458.8879054,505094,15.566621998608206
2023-12-28,120185648.0275922,543618,16.06776016969535
2023-12-29,120185496.00541726,480676,16.14527749699307
2023-12-30,120185822.10856757,514594,15.973795959797165
2023-12-31,120186712.6044112,503085,15.94558473611744
2024-01-01,120187794.56052092,562773,15.890319233798486
2024-01-02,120188176.60038216,512753,15.811817389687944
2024-01-03,120186916.5211508,477192,15.724377734613489
2024-01-04,120186910.55338974,475972,15.465459508473703
2024-01-05,120187225.46978028,489211,15.43379314492076
2024-01-06,120187713.38120341,483964,15.619076197056147
2024-01-07,120186923.59549811,523419,15.549954348359124
2024-01-08,120186722.85152651,508589,15.639914753140394
2024-01-09,120186884.86456063,512092,15.461929725175809
2024-01-10,120185176.221501,624690,15.771995076871782
2024-01-11,120184143.45218608,596971,16.769653643205313
2024-01-12,120183918.47054188,579744,16.90452867369809
2024-01-13,120184498.02047396,495542,17.28873510132442
2024-01-14,120183533.56724896,403225,17.478125273719243
2024-01-15,120183525.67427324,522570,17.218275030330016
2024-01-16,120182431.12376374,460330,17.1846504855501
2024-01-17,120180981.75247972,452249,17.375166386087713
2024-01-18,120179747.17884144,499927,17.234930796185747
2024-01-19,120179026.26822267,526104,17.384592431506654
2024-01-20,120179693.24908008,538236,17.388302296532988
2024-01-21,120180640.1238726,546924,17.222513666600666
2024-01-22,120181060.64663097,516458,17.228802979248485
2024-01-23,120181806.61443816,525689,17.07131441591792
2024-01-24,120182877.79246943,498167,16.57013150887584
2024-01-25,120182674.223398,544086,16.431103984555467
2024-01-26,120182996.0889186,548880,16.345650635564706
2024-01-27,120183971.5717192,604147,16.10432197189038
2024-01-28,120185076.0221102,569471,15.978670439465574
2024-01-29,120185984.8370488,555438,15.978484296776799
2024-01-30,120185535.68951578,542307,15.991537760205512
2024-01-31,120185286.38084365,515245,16.246171258887113
2024-02-01,120184719.41906488,496021,16.078802306349562
2024-02-02,120184845.7622428,508866,16.015349161565293
2024-02-03,120185283.8217874,495027,15.967719220378182
2024-02-04,120185971.73426248,543243,15.970887037521715
2024-02-05,120186323.95091148,549186,16.050703136656153
2024-02-06,120184890.20452288,495537,16.052685954263826
2024-02-07,120183019.99616557,489939,16.402983083331193
2024-02-08,120179439.66069488,456068,16.351478406956858
2024-02-09,120174674.79206726,470607,16.122539561868127
2024-02-10,120173302.60043718,472368,16.002250786529103
2024-02-11,120172745.76005316,507304,15.91990946866091
2024-02-12,120170843.57221256,505729,15.90680775634555
2024-02-13,120170484.5859923,522147,16.326825657050293
2024-02-14,120170103.59243505,550218,16.228917588740053
2024-02-15,120168806.72922128,534338,16.393447807524034
2024-02-16,120168343.59247762,545912,16.541451135476287
2024-02-17,120168685.91423167,535786,16.41803317775223
2024-02-18,120168745.16264372,504340,16.437161392308433
2024-02-19,120167624.94466598,537690,16.70240763349879
2024-02-20,120166105.7676435,535843,17.073749728520045
2024-02-21,120164299.95825808,494220,17.313214723024025
2024-02-22,120161644.2914488,480307,17.22424380814477
2024-02-23,120159730.86911128,525471,17.310808960202547
2024-02-24,120159203.03701408,542711,17.221547059058615
2024-02-25,120158617.36255316,563938,17.248069938041596
2024-02-26,120156810.46395949,566336,17.724638643143564
2024-02-27,120154154.68711562,571866,17.601871095847546
2024-02-28,120150235.11012971,583458,17.2615540704905
2024-02-29,120145341.71242917,568518,16.819245699089112
2024-03-01,120142043.66873632,567634,16.810602738117833
2024-03-02,120139363.0231518,569559,16.80723253833757
2024-03-03,120136404.14290728,591186,16.722275832846634
2024-03-04,120130401.55628268,588463,16.90855827513524
2024-03-05,120123063.36964492,582912,16.52013825700531
2024-03-06,120117294.99185725,548248,17.20063686689288
2024-03-07,120112436.39610007,574568,17.52292320029595
2024-03-08,120108424.44405705,561713,17.398032434641518
2024-03-09,120105059.98604356,553560,17.189374548637087
2024-03-10,120101356.22604547,539361,17.24611859383063
2024-03-11,120096736.69548266,595781,17.11673021636354
2024-03-12,120092877.28436963,578377,17.09118968219215
2024-03-13,120089008.00835247,603003,16.85931698516468
2024-03-14,120085865.81549077,612536,16.600756222585456
2024-03-15,120083800.60070676,675933,16.37195581806921
2024-03-16,120082678.99565735,670469,16.175656516102162
2024-03-17,120082552.90388831,664906,16.23239811938369
2024-03-18,120081186.3183289,659801,16.03153803960353
2024-03-19,120079422.7654418,650497,15.90435526666368
2024-03-20,120078061.9838444,692050,15.528796287170044
2024-03-21,120077244.09572916,690508,15.703533517962308
2024-03-22,120077068.10582072,696307,16.084740143410976
2024-03-23,120077520.31624232,700773,15.670142302718673
2024-03-24,120077986.55509923,679695,15.610026562872424
2024-03-25,120077710.9564014,660352,15.475027807144661
2024-03-26,120076875.65423667,608189,15.542235405394921
2024-03-27,120075548.46248898,573286,15.523893350361284
2024-03-28,120074372.07952341,596032,15.334141026422985
2024-03-29,120074024.08878297,642512,15.329026020485193
2024-03-30,120074095.68516427,650692,15.215274503250933
2024-03-31,120074202.87891024,653977,15.257366374467692
2024-04-01,120073929.76233888,611993,15.44716812945051
2024-04-02,120072288.40194558,546109,15.3240941742636
2024-04-03,120071343.5214341,537711,15.193504218043511
2024-04-04,120070874.51021045,569904,15.208956585955745
2024-04-05,120071235.64427099,599968,14.91490531638253
2024-04-06,120072331.20702788,628725,15.017700253452476
2024-04-07,120073199.70723993,622065,14.962656655139526
2024-04-08,120073220.9838935,598540,15.272488145367314
2024-04-09,120072889.72385426,565994,15.70533243742981
2024-04-10,120073328.3424378,590235,15.458309149268606
2024-04-11,120073717.89095107,582348,15.456761135533286
2024-04-12,120073188.76768366,633107,15.385355429411938
2024-04-13,120071084.7372016,576579,15.183726429771935
2024-04-14,120072241.47598812,578258,15.030208704596244
2024-04-15,120073140.3577293,600397,15.19918276198729
2024-04-16,120074401.97765107,623665,15.370296008777
2024-04-17,120075320.40165684,620637,15.301931232734175
2024-04-18,120076497.74857728,609816,15.292696172396022
2024-04-19,120077778.95054004,580759,15.211270085698265
2024-04-20,120079459.85341412,635686,15.041008517365617
2024-04-21,120081155.65518814,606734,15.094457498789836
2024-04-22,120082563.63915487,565977,15.082704135306155
2024-04-23,120083775.9773962,558590,14.945292904390225
2024-04-24,120084752.2478463,539490,14.996390548904849
2024-04-25,120086032.91464226,565454,15.106054287495423
2024-04-26,120087758.47716764,615496,15.181505905358764
2024-04-27,120089623.43921731,622222,15.23919180360198
2024-04-28,120091410.86791004,631340,15.709112215342694
2024-04-29,120092972.8148814,634789,15.86540799683341
2024-04-30,120093965.06131436,615440,15.599736542417233
2024-05-01,120095489.87910908,589497,15.355641028917873
2024-05-02,120097142.43338342,631566,15.451935336032205
2024-05-03,120098910.10919176,626688,15.399347640625189
2024-05-04,120100806.46787848,647201,15.206781026879613
2024-05-05,120102714.96597175,634400,15.068410763154391
2024-05-06,120104575.57003312,605873,15.134886309369136
2024-05-07,120106416.53566204,605694,14.997995792272535
2024-05-08,120108392.45589855,588088,14.95673230786795
2024-05-09,120110405.04159932,579657,15.006984794439123
2024-05-10,120112245.43555313,611791,14.87561374689133
2024-05-11,120114266.68889616,595395,14.757115249800645
2024-05-12,120116376.5563554,617082,14.77118331705805
2024-05-13,120118014.1159097,575636,14.787220638004834
2024-05-14,120119774.19033767,583373,14.666693659695584
2024-05-15,120121504.49340624,613829,14.683985746610535
2024-05-16,120123473.57501306,604917,14.450065428839824
2024-05-17,120125362.05351332,569230,14.191194188445863
2024-05-18,120127494.10788769,641401,14.554166650832038
2024-05-19,120129648.57129648,579016,14.679960168917424
2024-05-20,120130611.89691344,546790,14.693224894144107
2024-05-21,120131628.16054732,560062,16.010494227640393
2024-05-22,120132985.6620242,552922,16.57992819689318
2024-05-23,120134246.11523448,519468,16.58496001129294
2024-05-24,120135880.26236103,553536,16.86976144150784
2024-05-25,120137902.61970636,598267,16.666399559615314
2024-05-26,120139841.99986655,533284,16.599519117987214
2024-05-27,120140750.35135107,498242,17.036421438975605
2024-05-28,120141558.04198451,461484,17.059341407935946
2024-05-29,120142804.7546045,520099,17.058822802582807
2024-05-30,120143935.043089,495167,16.955807012356413
2024-05-31,120145232.47770359,505517,16.833752481549887
2024-06-01,120147015.0623939,490287,16.984002999997777
2024-06-02,120148646.57521226,476034,17.102798703031805
2024-06-03,120149901.66226847,474371,17.068685639894923
2024-06-04,120151420.9507085,516994,16.803185135500605
2024-06-05,120152116.16048823,483558,16.596779283056804
2024-06-06,120152658.09963012,475215,16.646462079258306
2024-06-07,120153587.15028216,510663,16.546189638703808
2024-06-08,120155357.92433351,540011,16.443335101699965
2024-06-09,120157208.80165362,540061,16.54287583284997
2024-06-10,120158711.2350502,511530,16.561113168368575
2024-06-11,120159854.55413468,504409,16.53232210187324
2024-06-12,120160693.72794634,532832,16.395353691553417
2024-06-13,120161759.20781288,535451,16.34703431281125
2024-06-14,120163273.37079205,532661,16.3418534571009
2024-06-15,120165319.80786952,574241,16.496150682926178
2024-06-16,120167465.01119612,588379,16.813498715404652
2024-06-17,120169263.66459595,520331,16.933543074786886
2024-06-18,120170818.3266728,490549,16.750579175110072
2024-06-19,120172560.5454614,511058,16.805146482314886
2024-06-20,120173820.30371708,504589,17.16162668734212
2024-06-21,120175846.61323984,663885,16.993585409492788
2024-06-22,120178108.42558359,808983,17.161528757400788
2024-06-23,120180372.9444482,588860,17.021222812585886
2024-06-24,120182318.52837124,562076,16.979629652498417
2024-06-25,120184297.83010766,597376,17.166326672331973
2024-06-26,120186263.11725508,633829,16.977440585616254
2024-06-27,120188056.14773595,538256,17.085747343111187
2024-06-28,120190158.96036296,561733,17.181766366482
2024-06-29,120192483.00298513,656977,17.21240486896606
2024-06-30,120194743.56642345,580898,17.117803563014796
2024-07-01,120196731.91629484,547334,16.987714241418264
2024-07-02,120192695.71745852,539489,16.972971001591535
2024-07-03,120194375.94812039,498539,16.963225394925136
2024-07-04,120196109.42757893,572314,16.94981729192237
2024-07-05,120197631.98264048,569838,16.76438507762394
2024-07-06,120199938.64240108,613236,16.434216574926754
2024-07-07,120202282.0991416,567737,16.41954745118146
2024-07-08,120204435.53132851,542605,16.381543622027817
2024-07-09,120206566.11576416,540111,16.529356598235623
2024-07-10,120208453.95042932,527292,16.528301142981633
2024-07-11,120210430.44078857,548429,16.69216163016633
2024-07-12,120212646.93713202,609220,16.71653511305137
2024-07-13,120214908.83093695,610493,16.72105749466407
2024-07-14,120217154.71356297,497263,16.659892475232898
2024-07-15,120218809.17806461,505297,16.672567024229338
2024-07-16,120220458.03172217,517949,16.798180007662875
2024-07-17,120221990.40460168,463312,16.58409509150668
2024-07-18,120223456.52946608,476042,16.531847851239228
2024-07-19,120225306.37121946,510183,16.72778024075662
2024-07-20,120227485.0033392,571318,16.496313440806638
2024-07-21,120229445.04260536,533075,16.478835513907214
2024-07-22,120231408.97529016,497445,16.341475059660294
2024-07-23,120233475.156869,520567,16.112567985150083
2024-07-24,120235594.70013551,531361,16.63033340659589
2024-07-25,120237715.3379378,504084,16.21662158613713
2024-07-26,120240024.59425773,540778,15.499284206868758
2024-07-27,120242189.81154265,494615,15.516573331576152
2024-07-28,120244598.82248916,536213,15.444414466886963
2024-07-29,120246922.9606335,512372,15.492337796534853
2024-07-30,120248763.18169512,503262,15.892349224908147
2024-07-31,120250576.92406328,488443,15.832282617482527
2024-08-01,120252316.09873044,435221,16.029210444304933
2024-08-02,120254404.98681527,454772,15.762288758067724
2024-08-03,120256765.65970248,546458,15.705138869639889
2024-08-04,120258843.0609774,566158,15.510106190414954
2024-08-05,120256204.21182711,449721,15.213154283878437
2024-08-06,120258361.1387739,502856,14.529167482325173
2024-08-07,120260462.70961843,484440,14.303610302541925
2024-08-08,120262434.98649408,451579,13.911589987076656
2024-08-09,120264643.58281095,482592,14.290119840408495
2024-08-10,120267095.89536506,576076,14.0724569456204
2024-08-11,120269531.03675522,500704,14.058715633623496
2024-08-12,120271673.20647858,422856,14.313402395342749
2024-08-13,120274019.01629688,474971,14.951409703346375
2024-08-14,120276280.20254624,646570,14.64042686868441
2024-08-15,120278422.14539264,603353,14.684249123325145
2024-08-16,120280820.4795906,541263,14.56217211118736
2024-08-17,120283281.00254996,565404,14.457405974784352
2024-08-18,120285548.86478475,519567,14.42206793965553
2024-08-19,120288159.37188125,461113,14.544072484334219
2024-08-20,120290575.57593532,463357,14.501932904518362
2024-08-21,120292901.13490675,488674,14.177462986817753
2024-08-22,120295347.79532269,506943,14.063970301040579
2024-08-23,120297748.5048727,510832,14.1074142150834
2024-08-24,120300215.98069574,556174,14.121858456793262
2024-08-25,120302704.11976022,495871,14.11908595150155
2024-08-26,120305077.06730717,538097,14.019444863986262
2024-08-27,120307467.89562084,531187,14.023015119019256
2024-08-28,120309874.70571132,496801,13.535536426063658
2024-08-29,120312261.6603805,534339,13.98983667860798
2024-08-30,120314685.7220954,525769,13.935222738668772
2024-08-31,120317181.74561676,539031,13.977735553742798
2024-09-01,120319688.66187467,548611,13.976441057903928
2024-09-02,120321858.0502387,488354,13.956306520622565
2024-09-03,120324262.4206676,488483,14.10305587103639
2024-09-04,120326458.34530675,458154,13.857903156864346
2024-09-05,120328617.59902713,463343,13.858493039407444
2024-09-06,120330441.94512194,489148,13.824403218816807
2024-09-07,120332865.9893199,505206,13.463117029453969
2024-09-08,120335341.42653696,559292,13.617647165394395
2024-09-09,120337467.59279238,486100,13.609043581197804
2024-09-10,120339497.18760803,497278,13.521439216823785
2024-09-11,120341799.15987872,549027,13.53509480256852
2024-09-12,120344001.39291663,487221,13.395081183909024
2024-09-13,120346273.5031107,499824,13.294141689963562
2024-09-14,120348694.06185442,525764,13.274811364440477
2024-09-15,120351106.7254914,541610,13.304281178471491
2024-09-16,120352968.7968857,435137,12.970372265128798
2024-09-17,120354668.13753565,464540,13.037804500174156
2024-09-18,120356387.81684364,420578,12.973288946434323
2024-09-19,120357325.0150498,416530,12.849287891652052
2024-09-20,120358285.16828416,422622,13.025887015483976
2024-09-21,120359534.0849514,416815,13.431256284511697
2024-09-22,120361032.87119134,436396,13.597385802697254
2024-09-23,120361927.80923127,418609,13.362474818318487
2024-09-24,120361633.63438164,446356,13.71105811562449
2024-09-25,120361955.49697687,440864,13.55960176596667
2024-09-26,120362484.89365174,448101,13.41535466973232
2024-09-27,120363565.49709028,508839,13.23671277159502
2024-09-28,120365413.76553988,534530,13.419290000635012
2024-09-29,120367243.0208012,497779,13.32886830827814
2024-09-30,120368680.87176628,509251,13.249612603303719
2024-10-01,120369350.4851328,552048,13.362174936732886
2024-10-02,120370779.18715157,496823,13.207294472679441
2024-10-03,120372583.16456002,521417,12.879760004384394
2024-10-04,120374548.84079918,471079,12.828598118721253
2024-10-05,120376085.9662936,438550,12.883513226540396
2024-10-06,120378389.06531118,423173,12.869842053645817
2024-10-07,120378752.16686033,441087,12.832138517735789
2024-10-08,120379288.43314905,434713,12.894516145410488
2024-10-09,120379570.58270039,482632,12.982982156244969
2024-10-10,120380825.5154286,454242,12.896196452614918
2024-10-11,120381439.02549624,485939,12.98887685263577
2024-10-12,120382696.43474296,497572,12.85528249069885
2024-10-13,120384135.4554124,457774,12.898990264404667
2024-10-14,120384647.04213367,498392,12.941666690637406
2024-10-15,120385465.00576065,516385,13.134626239096468
2024-10-16,120386639.96816242,491597,12.989569504548161
2024-10-17,120387195.09478489,543592,12.921706404162945
2024-10-18,120387348.38042532,573519,12.994761267054857
2024-10-19,120388722.11004232,599089,12.94939342242804
2024-10-20,120390390.98797455,533726,12.99897072026097
2024-10-21,120392120.1797142,538679,13.224605634018308
2024-10-22,120393679.68864812,536229,13.181215274106679
2024-10-23,120395018.55454937,509138,12.98633684666376
2024-10-24,120396634.52083628,502403,12.66286967593137
2024-10-25,120398452.99295984,502861,12.541870789155293
2024-10-26,120400440.77512746,505976,12.376101586207877
2024-10-27,120402548.42254253,431241,12.52082271875458
2024-10-28,120404113.40150207,458684,12.523521300367381
2024-10-29,120405482.78793202,523376,12.516377816305921
2024-10-30,120406750.88121746,443016,12.428115059789858
2024-10-31,120408324.36674713,485178,12.613817492803602
2024-11-01,120410063.076677,481430,12.308658437101933
2024-11-02,120412122.20811456,490886,12.409228895388246
2024-11-03,120414245.5468228,502616,12.39875368837572
2024-11-04,120416263.13456815,464007,12.362439864271169
2024-11-05,120418154.30971672,475308,12.237143451048581
2024-11-06,120418534.30539498,479645,12.151414817897376
2024-11-07,120419370.4107284,513491,12.260994114805582
2024-11-08,120420552.799844,525242,13.044610105306546
2024-11-09,120422178.35273825,500755,13.062950103561228
2024-11-10,120422996.06090704,524956,13.676740937766354
2024-11-11,120422932.6353016,561074,13.425653165154825
2024-11-12,120422452.03589022,545638,13.005373826171116
2024-11-13,120420309.83984,527943,12.855182764799554
2024-11-14,120419734.2020102,548302,12.238794995428663
2024-11-15,120420324.889186,569301,12.207393652930122
2024-11-16,120421567.67038193,578354,11.748663210044535
2024-11-17,120423097.15991545,569177,11.910008536917456
2024-11-18,120424261.1223717,532913,11.713101903559702
2024-11-19,120425326.21967249,545199,12.19045764618984
2024-11-20,120426591.81232736,562785,11.637596681632385
2024-11-21,120427469.0197379,573282,11.501491429559792
2024-11-22,120428751.50774144,608783,11.816844072554487
2024-11-23,120429965.68486512,595219,11.453322677450531
2024-11-24,120431589.42724468,564490,11.734699389153285
2024-11-25,120432778.7480857,584087,11.587078909496391
2024-11-26,120434198.2295404,561936,12.247441490856831
2024-11-27,120435269.35479644,598038,12.078383668508463
2024-11-28,120437216.37724812,616324,12.61914760882427
2024-11-29,120438249.01850235,589287,12.432933371056086
2024-11-30,120439798.57963376,551474,12.086772161130927
2024-12-01,120440957.99914125,579646,12.54671565737485
2024-12-02,120440774.45205536,592286,12.28912733322839
2024-12-03,120440632.7447256,583738,12.019817735273405
2024-12-04,120440500.34799162,598566,11.79766348808266
2024-12-05,120440644.32352014,609650,12.513469103573238
2024-12-06,120440977.28825957,603641,12.275212906204176
2024-12-07,120442164.68907528,614603,12.53258938933468
2024-12-08,120443691.35151644,593007,12.516381126395272
2024-12-09,120443414.30447409,569276,12.426543369210199
2024-12-10,120443294.15040572,610919,12.279445319381704
2024-12-11,120443871.42646976,595689,12.174192408662424
2024-12-12,120444063.65229665,632555,12.002076215619349
2024-12-13,120445329.11515708,625658,12.381813526890268
2024-12-14,120446938.64220244,595321,12.320817134272902
2024-12-15,120448636.47643349,572588,12.330938211250068
2024-12-16,120449492.89840412,584730,12.296621399621893
2024-12-17,120450333.10780716,633135,12.30487713492068
2024-12-18,120451023.34068386,586437,12.02530364245601
2024-12-19,120451281.23651756,593388,12.006352080458974
2024-12-20,120451666.96297848,617940,11.718358836297092
2024-12-21,120453371.02291615,636495,11.734420366771644
2024-12-22,120455291.69494484,661932,11.522560493373014
2024-12-23,120456322.79223712,644736,11.523421990087053
2024-12-24,120458406.0069872,681144,11.813430574944839
2024-12-25,120460666.04795544,647401,11.677152537993276
2024-12-26,120462524.06381053,575672,11.699095362421327
2024-12-27,120464437.99169213,597038,11.577593508341282
2024-12-28,120466500.78824767,559493,11.691843717155665
2024-12-29,120468611.26912639,563774,11.76157621200362
2024-12-30,120470453.75173613,568891,11.79424347056037
2024-12-31,120471971.12042284,550052,11.959909827206427
2025-01-01,120472799.97846404,453472,11.786712269696988
2025-01-02,120473080.3227342,486772,11.62486752296534
2025-01-03,120474450.34410584,555276,11.666874075136167
2025-01-04,120476103.69303292,540771,11.882079113203718
2025-01-05,120477921.26948977,538968,12.041801663933473
2025-01-06,120479025.02479345,518795,11.98415585073117
2025-01-07,120480510.22981992,549766,11.78776055827977
2025-01-08,120482148.36661248,528335,11.580825141123814
2025-01-09,120483927.73446368,538508,11.526057295103808
2025-01-10,120485857.4479826,549307,11.509580682124069
2025-01-11,120488100.98382568,578859,11.4418721666821
2025-01-12,120490433.90908387,539823,11.427198293135085
2025-01-13,120492208.600831,554991,11.517608357603706
2025-01-14,120494151.12401596,599208,11.085993135226998
2025-01-15,120495855.24622336,570274,11.04509301928837
2025-01-16,120497402.07239628,556504,11.289347174590251
2025-01-17,120499366.50453216,545962,10.875275744905649
2025-01-18,120500385.68948154,519864,11.136868656271925
2025-01-19,120498706.52280994,591559,10.556236307722616
2025-01-20,120497522.22528172,629557,10.704712160505013
2025-01-21,120498618.12748504,607071,10.839202787757621
2025-01-22,120500199.3087038,597537,10.57272061463058
2025-01-23,120501648.44529104,608180,10.499915576499076
2025-01-24,120503140.3664166,630744,10.757099079823586
2025-01-25,120505120.49421264,789004,10.666220333744503
2025-01-26,120507082.84174351,608826,10.646752282227808
2025-01-27,120508764.79436108,554206,10.693955727131469
2025-01-28,120510757.86089993,549777,10.563673219317296
2025-01-29,120512984.57252742,544023,10.36849690431195
2025-01-30,120515238.7342434,543074,10.272394054009839
2025-01-31,120517363.55685116,539938,10.575108719191215
2025-02-01,120519678.80221036,533961,10.845415594815469
2025-02-02,120521454.2369568,489399,10.625216475116712
2025-02-03,120520634.02442972,500641,10.504553646171301
2025-02-04,120522867.18678369,567675,10.122724231832677
2025-02-05,120525231.43870188,605351,9.84781403615612
2025-02-06,120527578.94048104,659801,10.191920655513249
2025-02-07,120529970.74757595,662264,9.943141688946723
2025-02-08,120532416.48821798,700649,9.705711299335377
2025-02-09,120534867.31338371,646027,9.667396502925227
2025-02-10,120540707.5995262,711876,9.709874158307723
2025-02-11,120539673.6167322,612087,9.619249463115194
2025-02-12,120542004.9888454,613684,9.602459386375418
2025-02-13,120544373.14962448,627574,9.786118162879625
2025-02-14,120546782.56681585,666254,9.68981723660592
2025-02-15,120549235.54754192,668614,9.761363952657582
2025-02-16,120551704.61690933,685798,9.644833173178982
2025-02-17,120553238.30287088,675569,9.672971512042066
2025-02-18,120555641.39738213,606517,10.06717951675987
2025-02-19,120558106.35642856,639839,9.858623670908981
2025-02-20,120560550.11571346,685150,9.885439670012676
2025-02-21,120562831.08748792,656153,9.819002074214957
2025-02-22,120565287.77811553,652109,9.747557955137914
2025-02-23,120567755.20454064,673471,10.029813061105562
2025-02-24,120570150.05309434,653722,10.348177955786781
2025-02-25,120572326.80566896,599245,9.815529775260183
2025-02-26,120574685.9238989,634182,9.919633504136483
2025-02-27,120577122.54721928,628254,9.70414806685167
2025-02-28,120579496.2759254,572524,9.540576597207792
2025-03-01,120581973.27046612,581077,9.31551165846422
2025-03-02,120584050.02614276,634334,9.065186530387493
2025-03-03,120586426.25109872,600837,9.33309053418276
2025-03-04,120588779.25961062,581765,8.836407208656404
2025-03-05,120591247.13405567,648492,8.807383062566153
2025-03-06,120593702.21317272,650999,8.818071652830334
2025-03-07,120596143.50325412,584152,8.683409395524125
2025-03-08,120598622.78484245,614600,8.716778103999008
2025-03-09,120601080.25310102,616335,9.044955243419693
2025-03-10,120603133.54286738,573333,8.864929077605685
2025-03-11,120605485.62215264,560914,8.519044475203392
2025-03-12,120607952.02772342,586370,8.331295169976022
2025-03-13,120610426.59853484,607478,8.206217460414186
2025-03-14,120612914.0690371,624019,8.209653877353453
2025-03-15,120615421.10981368,699041,8.121725743457253
2025-03-16,120617930.83202688,616135,8.188270884891068
2025-03-17,120620428.01298717,616869,8.152964743218584
2025-03-18,120622930.86964692,621708,8.17943063350304
2025-03-19,120625423.3039636,615315,8.310902572350406
2025-03-20,120627929.16094708,629660,8.397783029065419
2025-03-21,120630463.61331692,653476,8.368884057682749
2025-03-22,120632997.22322668,688574,8.30261330894959
2025-03-23,120635534.89776178,644387,8.3677255319996
2025-03-24,120638039.32146797,567021,8.29486100320813
2025-03-25,120640560.85577103,599874,8.447341907906871
2025-03-26,120643081.8083084,625606,8.385486747050011
2025-03-27,120645602.10515895,604866,8.236375900707863
2025-03-28,120648118.08828488,565035,8.23565025298365
2025-03-29,120650655.32356945,538941,8.080410942257403
2025-03-30,120653202.08650967,573805,7.936636853386773
2025-03-31,120655715.73603325,534039,7.886534379824181
2025-04-01,120658192.1488243,545849,7.945720721282745
2025-04-02,120660683.56315398,535608,8.107400654881628
2025-04-03,120663678.45016828,567408,7.891677727094859
2025-04-04,120665704.88015136,578300,7.952102484143629
2025-04-05,120668244.13557538,650544,7.881428629945398
2025-04-06,120670476.72520179,567708,7.87336677896425
2025-04-07,120672295.596187,634899,7.440579221674662
2025-04-08,120674770.59633912,651117,7.207874899623924
2025-04-09,120676954.65445428,638161,7.098532445636217
2025-04-10,120679205.2448576,547468,7.410822658624372
2025-04-11,120681691.19817616,520203,7.018478999182025
2025-04-12,120684199.89435096,549318,6.926808538621565
2025-04-13,120686742.52764376,569981,7.079264237216004
2025-04-14,120689088.53068872,561545,7.016121227318448
2025-04-15,120691651.62616111,583041,7.103807260695958
2025-04-16,120694172.0630528,607438,7.025836629912007
2025-04-17,120696640.1411239,602395,6.96080408452369
2025-04-18,120699161.24582772,602813,6.904344441252632
2025-04-19,120701711.5316832,698864,6.955172930751378
2025-04-20,120704260.26466112,680519,6.979264391301034
2025-04-21,120706786.53591076,577103,6.909994848828532
2025-04-22,120709063.38382705,578892,6.7381682881409795
2025-04-23,120711391.44531351,560731,6.990251945911953
2025-04-24,120713684.2487598,513039,7.151084337986919
2025-04-25,120716094.33442712,576170,7.005707878791128
2025-04-26,120718618.84633993,599602,7.037932134102116
2025-04-27,120721163.67816424,582298,7.1659890828551
2025-04-28,120723415.55938476,563618,7.106631618109073
2025-04-29,120726190.53830609,570943,7.044138482009737
2025-04-30,120728679.13482988,602015,7.112949581112591
2025-05-01,120731126.06195678,584302,7.110552280264044
2025-05-02,120733641.03677388,614894,7.141425825443803
2025-05-03,120736190.72938713,669340,7.1163224718549625
2025-05-04,120738733.58340156,604025,7.180189615377159
2025-05-05,120741273.27874924,590450,7.1792222350054065
2025-05-06,120744272.01042145,586800,7.202828879358989
2025-05-07,120746051.96632718,569398,7.0863858786179525
2025-05-08,120747646.25083143,576847,7.04832056849484
2025-05-09,120749574.15149012,600913,7.940380521155623
2025-05-10,120751686.61629428,500413,8.393854056531753
2025-05-11,120753792.07125542,493699,8.951490094331131
2025-05-12,120755704.47573112,544829,8.757595901326374
2025-05-13,120757753.3878032,565467,8.825328449556691
2025-05-14,120760023.00476852,598472,9.225696107214633
2025-05-15,120762240.12580965,605477,9.115885515401299
2025-05-16,120764578.50256838,584362,8.954460776472969
2025-05-17,120767064.39728984,679394,8.959526904556856
2025-05-18,120769545.2641062,619263,8.822827131879734
2025-05-19,120771972.84656192,576938,8.665430635417875
2025-05-20,120774367.07010072,618164,8.827015290334879
2025-05-21,120776637.70996489,596745,8.75134134884979
2025-05-22,120778767.26447941,548411,8.6627284100078
2025-05-23,120781065.46154507,565438,8.752488030952955
2025-05-24,120783574.9699018,569633,8.732374738630972
2025-05-25,120786093.92782608,540764,8.741252612611943
2025-05-26,120788550.818034,545198,8.704580180956896
2025-05-27,120790661.62152252,537019,8.705848674020213
2025-05-28,120792796.61855604,550788,9.07839523106469
2025-05-29,120794991.65556614,553779,9.133481579467656
2025-05-30,120797171.18507892,584081,9.211380050437723
2025-05-31,120799615.54594857,639715,9.06470877284648
2025-06-01,120802067.8249656,597460,9.000237174885346
2025-06-02,120804323.58346298,594300,8.971221401313475
2025-06-03,120806533.03661774,587140,9.14816023658719
2025-06-04,120808773.29416811,557098,9.11747054033345
2025-06-05,120810830.43544532,550895,9.241682301427488
2025-06-06,120813192.6039808,568753,8.8642347357076
2025-06-07,120815698.84933032,645229,8.880054895720573
2025-06-08,120818229.90943956,635387,8.940786055830252
2025-06-09,120820536.37833603,683387,8.880411306482351
2025-06-10,120822700.52278472,618005,9.081088605877214
2025-06-11,120824952.90115444,613546,9.465003481632177
2025-06-12,120827220.82169616,620082,9.445693026783996
2025-06-13,120829571.82160164,567310,9.341274198235624
2025-06-14,120832125.58021958,648830,9.072268633573229
2025-06-15,120834677.16593827,597463,9.003022823621968
2025-06-16,120837092.16384,568812,9.027162331380145
2025-06-17,120839499.96492372,611053,8.915609678159733
2025-06-18,120842358.087771,591960,9.017779734077239
2025-06-19,120844463.45118897,547969,9.02976810282271
2025-06-20,120846933.62193048,558520,9.053519377383642
2025-06-21,120849479.40335757,593152,8.763173851097758
2025-06-22,120851841.4288622,501348,8.551871959225334
2025-06-23,120853960.39388496,529187,8.404868221150148
2025-06-24,120856099.05513768,631045,8.660940534737332
2025-06-25,120858257.3925386,728650,8.729750149044392
2025-06-26,120860683.27464372,633814,8.562908607629831
2025-06-27,120863196.30549677,595755,8.625161460035795
2025-06-28,120865770.5541819,646608,8.627399459905593
2025-06-29,120868355.12348692,630826,8.623728323258403
2025-06-30,120870773.40676785,571982,8.758971277938187
2025-07-01,120873255.73938955,562902,8.781395924565047
2025-07-02,120875737.72358604,591077,8.630090605633924
2025-07-03,120878262.18182816,603372,9.02831701535921
2025-07-04,120880811.64547943,641639,9.054120869022233
2025-07-05,120883425.18513419,624984,8.922505285893841
2025-07-06,120886036.72125068,605772,8.924379157213206
2025-07-07,120888500.36712116,605963,9.009458175757718
2025-07-08,120891022.71126352,610652,8.992176346385397
2025-07-09,120893365.54129504,588717,9.177470439056465
2025-07-10,120895538.93195207,599545,9.465128685829464
2025-07-11,120897680.28498717,605839,9.671395455350778
2025-07-12,120900234.03778592,659420,9.566133372604146
2025-07-13,120902782.79289988,635664,9.516250875565367
2025-07-14,120904986.69027565,562169,9.461451114059061
2025-07-15,120907332.38807996,571938,9.508161906578982
2025-07-16,120909352.88440056,597741,10.00074633790411
2025-07-17,120911129.8760568,624057,10.569060020743644
2025-07-18,120913248.19361869,648715,10.592948761099835
2025-07-19,120915789.52418476,630980,10.903801604788756
2025-07-20,120918241.65279949,595222,10.993679967574991
2025-07-21,120920642.93841304,657686,11.437620537820505
2025-07-22,120923119.75151812,676888,11.468817527257272
2025-07-23,120925621.54669972,646492,11.143760637629022
2025-07-24,120928156.61662544,666804,11.107659194441267
2025-07-25,120930738.46239862,699650,11.297367005913213
2025-07-26,120933352.76355653,747490,11.422378455730524
2025-07-27,120935965.7284522,723786,11.398149974802507
2025-07-28,120938534.46630588,661817,11.580778233260244
2025-07-29,120940948.53583604,742843,11.639255444200657
2025-07-30,120943243.73882414,937809,11.639602482966309
2025-07-31,120945518.2906052,927593,11.66909055573307
2025-08-01,120948064.28918748,773917,11.607008422559737
2025-08-02,120950674.43064964,741189,11.222466021660148
2025-08-03,120953292.38980567,768049,11.097968798452868
2025-08-04,120955891.3639526,757996,11.167938184976224
2025-08-05,120958210.92259537,767010,11.691477054826406
2025-08-06,120960997.85482188,743146,11.537034007402545
2025-08-07,120963576.00091247,750439,11.5937539673659
2025-08-08,120966115.52454032,729403,11.865725540181622
2025-08-09,120968683.9977654,706918,12.175016255078008
2025-08-10,120971278.76308596,735445,12.920303586595796
2025-08-11,120973815.78343852,713282,12.703706514481853
2025-08-12,120976264.18266,745456,12.694687075598553
2025-08-13,120978653.11269052,754817,13.337673784891837
2025-08-14,120981020.31690273,744255,13.376081163765122
2025-08-15,120983548.10962294,768519,13.450615698432095
2025-08-16,120986162.84359124,810398,13.297630197658616
2025-08-17,120988775.7118364,768329,13.18559775918239
2025-08-18,120991371.58585334,731006,13.356948943986664
2025-08-19,120993771.46378292,720416,13.074288480031813
2025-08-20,120996529.6796234,727938,12.736509779104196
2025-08-21,120999131.0417954,708788,13.218772328250845
2025-08-22,121001496.21660689,732944,13.125361159508941
2025-08-23,121004096.89521742,760979,14.168104469563506
2025-08-24,121006691.89045924,746244,14.174158865081255
2025-08-25,121009263.41,697653,14.3621388754189
2025-08-26,121011840.32240692,660167,13.684774514633277
2025-08-27,121014374.0771618,620154,13.987061948724595
2025-08-28,121016947.223293,688849,13.883540928329632
2025-08-29,121019430.40910216,725037,13.692407888204503
2025-08-30,121022061.96688204,739460,13.716667284310875
2025-08-31,121024695.23925725,745961,13.677631775816893
2025-09-01,121026272.6296814,700659,13.832623279848088
2025-09-02,121028853.60986193,754357,13.583271868285527
2025-09-03,121031433.15797839,688264,13.314909471641467
2025-09-04,121034005.21342412,685311,13.638795341333921
2025-09-05,121036597.44977356,700882,13.382444810780605
2025-09-06,121039219.2583731,640023,13.359078371309606
2025-09-07,121041854.61942165,658528,13.299469953995086
2025-09-08,121044437.19191673,719927,13.262584779691613
2025-09-09,121047026.50314783,716547,13.127456872266656
2025-09-10,121049536.27447028,726546,13.152131352613251
2025-09-11,121052139.9645944,735425,13.005277221767699
2025-09-12,121054602.6997017,739390,13.09429459875402
2025-09-13,121057358.05248836,723144,13.606161128245878
2025-09-14,121059997.60250618,719519,13.55691874153729
2025-09-15,121062451.11055256,745718,13.521384300949247
2025-09-16,121065008.496668,756644,13.373574865097455
2025-09-17,121067599.52765888,715362,13.171357261481166
2025-09-18,121069543.607185,801787,13.353817268650245
2025-09-19,121072582.08969368,736420,13.279750374216219
2025-09-20,121075198.74119748,718542,13.107321275260306
2025-09-21,121077832.07248794,763923,13.08388407810053
2025-09-22,121080411.80582722,669098,13.18152371198092
2025-09-23,121083022.76890077,709674,12.801436240937175
2025-09-24,121085637.89814596,658722,12.764635793234248
2025-09-25,121088039.77305916,589890,12.6527894983381
2025-09-26,121090654.78035308,647829,12.282803740055773
2025-09-27,121093277.5863372,624741,12.586710775625507
2025-09-28,121095887.22487442,677304,12.577773514000878
2025-09-29,121098070.1017918,671334,12.6524527476568
2025-09-30,121100636.24063043,700023,12.71344381156862
2025-10-01,121103210.83907431,742484,12.585836310403208
2025-10-02,121105776.70154372,690586,12.644245810041427
2025-10-03,121108365.99510884,708326,12.765898864663749
2025-10-04,121110998.3403784,790083,12.76183681017815
2025-10-05,121113633.9925025,702869,12.74170355821616
2025-10-06,121116162.3634914,739794,12.697284617977365
2025-10-07,121118712.62008744,690739,12.935310304537639
2025-10-08,121121226.50696523,695551,12.698294742630672
2025-10-09,121123915.53757252,675186,12.692728855721189
2025-10-10,121124027.16137844,666821,12.452427463839681
2025-10-11,121126349.23653992,639474,12.138205590793916
2025-10-12,121128924.50507288,691495,11.98912139962386
2025-10-13,121131512.459531,672710,12.527495243356432
2025-10-14,121134077.71442048,652820,12.784503429784518
2025-10-15,121136648.937562,755770,12.653830470503765
2025-10-16,121139202.17047396,696528,12.542141662069234
2025-10-17,121141649.23904768,718971,12.561904338891818
2025-10-18,121144280.09134232,1082455,12.53999502203732
2025-10-19,121146904.03324328,1038730,12.602367120416199
2025-10-20,121149530.93444902,712270,12.73869580598286
2025-10-21,121152129.08976065,745734,12.560721987361585
2025-10-22,121154742.25687328,721508,12.492825620682492
2025-10-23,121157351.90759312,744666,12.402686792682568
2025-10-24,121159971.25456336,713773,12.283299141646115
2025-10-25,121162620.10904191,760625,12.467944203741615
2025-10-26,121165267.30380918,818357,12.422051432010548
2025-10-27,121167826.55561762,749297,12.703048243327864
2025-10-28,121170442.87059496,716806,12.65663284979813
2025-10-29,121173039.39385764,667632,12.39893593674424
2025-10-30,121175610.67543456,640378,12.407564936781695
2025-10-31,121178231.58390103,734635,12.379511404482958
2025-11-01,121180878.04855688,795039,12.372144034462261
